"Предприятия, организации,""с начала года"",""январь"",""февраль"",""март"",""апрель"",""май"",""июнь"",""июль"",""август"",""сентябрь"",""октябрь"",""ноябрь"",""декабрь"""
" ПАО ""ЛУКОЙЛ"",""82124,436"",""7037,933"",""6326,943"",""6979,047"",""6705,3"",""6974,57"",""6794,448"",""7030,812"",""6977,897"",""6710,359"",""6943,5"",""6705,038"",""6938,589"""
" ООО ""ЛУКОЙЛ-Западная Сибирь"",""34202,82"",""2935,933"",""2644,021"",""2907,926"",""2789,231"",""2907,261"",""2827,461"",""2929,196"",""2904,98"",""2816,138"",""2882,578"",""2784,752"",""2873,343"""
" ООО СП ""Волгодеминойл"",""453,159"",""39,866"",""35,252"",""40,61"",""39,12"",""40,25"",""38,561"",""40,033"",""37,535"",""34,011"",""38,684"",""35,009"",""34,228"""
" ООО ""ЛУКОЙЛ-АИК"",""1598,822"",""137,238"",""123,543"",""136,37"",""131,706"",""135,985"",""132,6"",""139,775"",""136,4"",""130,335"",""133,249"",""128,153"",""133,468"""
" ООО ""ПермТОТИнефть"",""213,294"",""17,524"",""15,777"",""17,501"",""16,956"",""18,03"",""18"",""18,6"",""18,6"",""18"",""17,706"",""18"",""18,6"""
" ООО ""Турсунт"",""75,958"",""6,919"",""6,151"",""6,703"",""6,394"",""6,532"",""6,221"",""6,329"",""6,34"",""6,1"",""6,237"",""5,966"",""6,066"""
" ООО ""ЛУКОЙЛ-Калининградморнефть"",""540,496"",""45,563"",""40,653"",""44,47"",""42,486"",""44,508"",""43,845"",""44,893"",""48,479"",""46,413"",""47,405"",""45,397"",""46,384"""
" ООО ""ЛУКОЙЛ-Коми"",""16098,558"",""1382,948"",""1239,514"",""1365,13"",""1326,49"",""1363,549"",""1328,11"",""1398,146"",""1361,024"",""1329,249"",""1366,61"",""1297,008"",""1340,78"""
" ООО ""ЛУКОЙЛ-Нижневолжскнефть"",""7369,059"",""640,149"",""569,673"",""635,94"",""612,117"",""630,701"",""613,814"",""597,674"",""617,362"",""538,735"",""637,224"",""627,479"",""648,191"""
" ООО  ""ЛУКОЙЛ-Пермь"",""14939,258"",""1264,193"",""1142,416"",""1264,522"",""1208,152"",""1263,565"",""1229,334"",""1280,987"",""1271,412"",""1233,414"",""1264,023"",""1236,23"",""1281,01"""
" ООО ""УралОйл"",""588,188"",""51,61"",""46,441"",""50,545"",""47,309"",""49,193"",""47,927"",""49,729"",""49,752"",""47,979"",""48,327"",""47,47"",""51,906"""
" ООО ""Южно-Сардаковское"",""3,506"",""0"",""0,32"",""2,184"",""1,002"",""0"",""   "",""   "",""   "",""   "",""   "",""   "",""0"""
" ""РИТЭК""  Всего,""6041,318"",""515,99"",""463,182"",""507,146"",""484,337"",""514,996"",""508,575"",""525,45"",""526,013"",""509,985"",""501,457"",""479,574"",""504,613"""
" АО ""РИТЭК"",""6041,318"",""515,99"",""463,182"",""507,146"",""484,337"",""514,996"",""508,575"",""525,45"",""526,013"",""509,985"",""501,457"",""479,574"",""504,613"""
" ПАО ""Роснефть"",""195113,119"",""16854,752"",""15130,922"",""16677,554"",""16082,567"",""16144,008"",""15808,565"",""16109,083"",""16891,205"",""16209,124"",""16603,057"",""16057,901"",""16544,381"""
" АО ""Ванкорнефть"",""14068,903"",""1329,622"",""1155,42"",""1269,672"",""1192,029"",""1229,234"",""1175,04"",""1176,784"",""1150,122"",""1112,339"",""1117,61"",""1075,752"",""1085,279"""
" ОАО ""Грознефтегаз"",""77,035"",""7,014"",""5,966"",""6,603"",""6,39"",""6,603"",""6,321"",""6,336"",""6,426"",""6,24"",""6,448"",""6,24"",""6,448"""
" АО ""Дагнефтегаз"",""15,668"",""1,337"",""1,208"",""1,375"",""1,351"",""1,314"",""1,262"",""1,339"",""1,302"",""1,263"",""1,308"",""1,262"",""1,347"""
" ООО ""РН-Сахалинморнефтегаз"",""1217,697"",""99,124"",""91,432"",""104,576"",""101,366"",""101,644"",""99,847"",""100,496"",""106,705"",""103,019"",""107,502"",""100,362"",""101,624"""
" ООО ""РН-Ставропольнефтегаз"",""739,991"",""66,396"",""57,954"",""63,76"",""61,718"",""64,056"",""61,129"",""61,903"",""61,466"",""59,153"",""60,757"",""59,513"",""62,186"""
" ЗАО ""РН-Шельф Дальний Восток"",""484,454"",""41,652"",""43,755"",""58,285"",""55,006"",""19,889"",""10,755"",""15,763"",""38,296"",""41,432"",""51,033"",""53,586"",""55,002"""
" ОАО ""Роснефть-Дагнефть"",""151,105"",""12,708"",""11,624"",""12,912"",""12,513"",""12,152"",""12,428"",""13,073"",""13,056"",""12,324"",""12,969"",""12,413"",""12,933"""
" ООО ""Роснефть-Маланинская группа"",""17,219"",""1,708"",""1,446"",""1,533"",""1,418"",""1,444"",""1,36"",""1,573"",""1,461"",""1,32"",""1,364"",""1,284"",""1,308"""
" ОАО ""Роснефть"" (Томская обл.),""53,419"",""10,272"",""7,991"",""8,16"",""2,994"",""2,944"",""2,764"",""2,963"",""2,74"",""2,317"",""2,483"",""2,534"",""5,257"""
" АО ""Русско-Реченское"",""2,582"",""   "",""   "",""0,387"",""2,195"",""0"",""0"",""0"",""0"",""0"",""0"",""0"",""0"""
" ООО ""СевКомНефтегаз"",""444,574"",""28,954"",""25,285"",""25,891"",""31,049"",""24,206"",""28,028"",""41,323"",""48,181"",""43,349"",""47,795"",""49,364"",""51,149"""
" ООО ""Харампурнефтегаз"",""1184,234"",""100,621"",""95,39"",""108,946"",""106,944"",""108,554"",""99,662"",""100,957"",""98,016"",""95,354"",""92,895"",""87,67"",""89,225"""
" ПАО ""Варьеганнефтегаз"",""1892,311"",""159,61"",""143,157"",""161,511"",""163,049"",""165,652"",""162,101"",""166,266"",""162,628"",""151,311"",""158,156"",""146,557"",""152,313"""
" ПАО ""Востсибнефтегаз"",""4058,308"",""312,44"",""327,636"",""348,58"",""342,236"",""379,429"",""370,703"",""368,417"",""361,276"",""325,78"",""330,795"",""303,494"",""287,522"""
" ОАО ""ВЧНГ"",""7814,695"",""704,04"",""634,942"",""640,112"",""603,753"",""666,401"",""625,039"",""667,941"",""666,498"",""636,727"",""660,698"",""642,031"",""666,513"""
" ОАО ""РН Ингушнефть"",""52,342"",""4,322"",""4,052"",""4,273"",""4,216"",""4,343"",""4,217"",""4,371"",""4,568"",""4,32"",""4,697"",""4,458"",""4,505"""
" ООО ""РН-Краснодарнефтегаз"",""637,465"",""59,711"",""53,927"",""57,587"",""53,77"",""56,767"",""53,81"",""53,082"",""51,251"",""50,417"",""50,772"",""47,057"",""49,314"""
" АО ""НК ""Конданефть"",""2780,726"",""216,648"",""198,021"",""216,199"",""213,706"",""220,282"",""227,802"",""244,827"",""253,251"",""242,164"",""246,782"",""244,199"",""256,845"""
" ОАО ""ННП"",""3930,321"",""338,647"",""296,54"",""330,585"",""324,531"",""330,369"",""321,957"",""336,177"",""335,485"",""327,191"",""336,119"",""322,03"",""330,69"""
" ООО ""РН-Пурнефтегаз"",""3473,36"",""293,519"",""268,348"",""298,903"",""286,034"",""290,877"",""282,918"",""290,017"",""292,239"",""288,982"",""298,32"",""287,426"",""295,777"""
" АО ""Роспан Интернешнл"",""1374,585"",""123,687"",""109,519"",""118,614"",""112,134"",""114,649"",""112,464"",""113,965"",""91,079"",""120,485"",""120,824"",""116,512"",""120,653"""
" ПАО ""Оренбургнефть"",""14136,516"",""1238,41"",""1115,204"",""1225,928"",""1178,834"",""1145,845"",""1165,771"",""1205,093"",""1196,594"",""1151,311"",""1185,623"",""1145,245"",""1182,658"""
" АО ""Самаранефтегаз"",""12278,725"",""1061,408"",""953,801"",""1029,935"",""971,284"",""928,6"",""1027,707"",""1063,269"",""1063,618"",""1029,447"",""1062,782"",""1026,592"",""1060,282"""
" ОАО ""Самотлорнефтегаз"",""19357,897"",""1642,522"",""1471,019"",""1648,416"",""1597,499"",""1640,305"",""1592,404"",""1638,182"",""1637,548"",""1589,13"",""1649,874"",""1597,452"",""1653,546"""
" ООО ""РН-Северная нефть"",""2653,983"",""244,209"",""214,327"",""237,073"",""210,087"",""232,511"",""226,227"",""234,069"",""226,508"",""212,661"",""212,073"",""198,912"",""205,326"""
" ОАО ""Северо-Варьеганское"",""474,081"",""41,242"",""36,577"",""39,814"",""39,836"",""38,27"",""37,856"",""37,127"",""40,115"",""40,432"",""41,466"",""41,318"",""40,028"""
" АО ""Сузун"",""2761,883"",""227,91"",""183,612"",""187,482"",""181,224"",""233,816"",""203,972"",""251,422"",""312,717"",""264,206"",""253,904"",""238,35"",""223,268"""
" ООО ""Таас-Юрях Нефтегаздобыча"",""3966,85"",""303,873"",""275,649"",""310,57"",""310,937"",""332,618"",""328,974"",""347,758"",""351,052"",""337,498"",""345,428"",""349,444"",""373,049"""
" ООО ""Тагульское"",""1341,105"",""129,626"",""101,375"",""111,886"",""102,111"",""103,764"",""100,329"",""113,869"",""128,322"",""114,856"",""118,258"",""107,053"",""109,656"""
" АО ""РН-Няганьнефтегаз"",""6882,328"",""575,734"",""521,507"",""579,074"",""567,338"",""584,883"",""566,959"",""582,669"",""584,009"",""568,108"",""591,655"",""573,362"",""587,03"""
" ООО ""РН-Уватнефтегаз"",""10339,854"",""914,128"",""811,417"",""868"",""842"",""795,463"",""860,868"",""890,185"",""901,248"",""855,851"",""876,126"",""845,673"",""878,895"""
" ОАО ""Тюменнефтегаз"",""825,308"",""56,216"",""58,17"",""63,457"",""62,98"",""41,753"",""50,351"",""78,088"",""81,922"",""80,935"",""57,195"",""75,523"",""118,718"""
" ОАО ""Удмуртнефть"",""5938,571"",""513,838"",""464,244"",""514,108"",""496,561"",""424,681"",""495,818"",""513,682"",""511,974"",""494,018"",""507,721"",""492,26"",""509,666"""
" ООО ""РН-Юганскнефтегаз"",""69548,105"",""5980,694"",""5379,742"",""6011,542"",""5832,355"",""5829,027"",""5480,316"",""5374,755"",""6097,536"",""5834,251"",""5980,476"",""5792,143"",""5955,268"""
" ОАО ""Корпорация Югранефть"",""136,919"",""12,91"",""10,665"",""11,805"",""11,119"",""11,663"",""11,406"",""11,342"",""11,996"",""10,933"",""11,149"",""10,83"",""11,101"""
" ПАО ""Газпром нефть"",""39151,077"",""3282,071"",""2909,465"",""3210,991"",""3207,69"",""3469,939"",""3372,734"",""3591,514"",""3442,606"",""3207,352"",""3235"",""3068,836"",""3152,879"""
" ООО ""Газпромнефть-Восток"",""1692,09"",""139,254"",""125,086"",""138,534"",""134,547"",""139,515"",""136,652"",""145,113"",""148,582"",""147,125"",""150,389"",""141,905"",""145,388"""
" ООО ""Газпромнефть-Хантос"",""12522,746"",""1080,316"",""971,18"",""994,546"",""1022,963"",""1066,259"",""1021,423"",""1110,618"",""1090,731"",""1056,218"",""1053,823"",""1016,07"",""1038,599"""
" ООО ""Газпром нефть Оренбург"",""2855,165"",""234,154"",""209,304"",""230,13"",""224,311"",""242,856"",""237,103"",""243,648"",""250,345"",""235,428"",""255,989"",""244,235"",""247,662"""
" АО ""ЮУНГ"",""187,598"",""14,469"",""12,876"",""15,578"",""14,803"",""16,513"",""17,112"",""15,716"",""13,242"",""14,947"",""16,272"",""17,217"",""18,853"""
" ООО ""Заполярнефть"",""1321,489"",""208,073"",""173,498"",""207,168"",""193,123"",""280,682"",""258,945"",""0"",""0"",""0"",""0"",""0"",""0"""
" ПАО "" Газпром нефть"",""17,912"",""0"",""0,092"",""5,732"",""10,251"",""1,837"",""0"",""0"",""0"",""0"",""0"",""0"",""0"""
" ООО ""Газпромнефть-Ангара"",""8,98"",""1,068"",""1,509"",""2,14"",""4,263"",""0"",""0"",""0"",""0"",""0"",""0"",""0"",""0"""
" ООО ""Газпромнефть-Ямал"",""7895,915"",""675,889"",""596,625"",""652,563"",""648,666"",""680,953"",""650,251"",""666,706"",""671,243"",""667,803"",""673,609"",""640,142"",""671,465"""
" АО ""Газпромнефть-ННГ"",""9363,931"",""650,287"",""576,01"",""659,746"",""660,047"",""739,228"",""772,198"",""1115,928"",""1151,909"",""778,816"",""786,638"",""729,991"",""743,133"""
" ООО ""Газпром нефть шельф"",""3137,661"",""267,706"",""234,014"",""294,332"",""283,502"",""288,956"",""266,054"",""279,97"",""103,374"",""293,961"",""284,142"",""266,56"",""275,09"""
" ООО ""Меретояханефтегаз"",""3,1"",""0"",""0"",""0"",""0,28"",""0,434"",""0,42"",""0,308"",""0,341"",""0,3"",""0,982"",""0,035"",""0"""
" ООО ""Технологический центр ""Бажен"",""144,49"",""10,855"",""9,271"",""10,522"",""10,934"",""12,706"",""12,576"",""13,507"",""12,839"",""12,754"",""13,156"",""12,681"",""12,689"""
" ПАО ""Сургутнефтегаз"",""60757,509"",""5238,77"",""4706,7"",""5179,21"",""4973,51"",""4988,644"",""4846,11"",""5177,002"",""5196,836"",""5031,065"",""5199,032"",""5030,104"",""5190,526"""
" ПАО ""Сургутнефтегаз""(УФО),""51415,669"",""4450,675"",""3994,25"",""4390,485"",""4209,86"",""4184,289"",""4056,84"",""4387,027"",""4404,731"",""4265,895"",""4408,137"",""4264,334"",""4399,146"""
" ПАО ""Сургутнефтегаз(Якутия)"",""9341,84"",""788,095"",""712,45"",""788,725"",""763,65"",""804,355"",""789,27"",""789,975"",""792,105"",""765,17"",""790,895"",""765,77"",""791,38"""
" ПАО ""Татнефть"" им. В.Д. Шашина,""29798,049"",""2540,36"",""2281,13"",""2512,062"",""2419,1"",""2556,901"",""2519,902"",""2603,9"",""2499,74"",""2419,1"",""2499,845"",""2419,109"",""2526,9"""
" ООО ""Татнефть-Самара"",""329,066"",""28,535"",""25,334"",""27,955"",""27,222"",""27,265"",""26,302"",""27,718"",""28,582"",""25,91"",""28,219"",""27,502"",""28,522"""
" ОАО ""Татнефть"" им. В.Д. Шашина,""29468,983"",""2511,825"",""2255,796"",""2484,107"",""2391,878"",""2529,636"",""2493,6"",""2576,182"",""2471,158"",""2393,19"",""2471,626"",""2391,607"",""2498,378"""
" ПАО АНК ""Башнефть"",""18670,852"",""1610,018"",""1452,269"",""1604,043"",""1528,293"",""1577,247"",""1531,794"",""1577,742"",""1573,351"",""1518,423"",""1574,99"",""1531,426"",""1591,256"""
" ООО ""Башнефть-Добыча"",""16306,485"",""1397,908"",""1259,652"",""1392,548"",""1328,766"",""1376,681"",""1334,214"",""1380,396"",""1379,597"",""1337,446"",""1386,464"",""1341,129"",""1391,684"""
" ООО ""Башнефть-Полюс"",""1101,724"",""93,105"",""84,064"",""93,079"",""90,08"",""93,083"",""90,082"",""93,082"",""93,087"",""90,084"",""93,4"",""92,74"",""95,838"""
" ООО ""Соровскнефть(Бурнефтегаз)"",""1262,643"",""119,005"",""108,553"",""118,416"",""109,447"",""107,483"",""107,498"",""104,264"",""100,667"",""90,893"",""95,126"",""97,557"",""103,734"""
" ПАО ""НГК Славнефть"",""13972,02"",""1204,385"",""1084,991"",""1206,053"",""1115,436"",""1106,302"",""1143,117"",""1226,923"",""1231,339"",""1185,58"",""1144,775"",""1134,736"",""1188,383"""
" ОАО ""Славнефть-Мегионнефтегаз"",""7446,924"",""676,3"",""608,367"",""673,926"",""599,574"",""581,042"",""611,49"",""651,758"",""642,667"",""622,297"",""581,956"",""587,023"",""610,524"""
" ОАО ""Славнефть-Мегионнефтегазгеология"",""245,337"",""21,441"",""20,178"",""23,586"",""22,017"",""19,88"",""20,296"",""21,544"",""21,547"",""20,152"",""18,231"",""17,411"",""19,054"""
" ОАО ""ОНГГ"",""2423,167"",""211,218"",""190,574"",""207,03"",""198,254"",""200,436"",""197,423"",""209,776"",""212,501"",""202,923"",""201,514"",""190,969"",""200,549"""
" ЗАО ""Обьнефтегеология"",""76,766"",""41,5"",""35,266"",""0"",""0"",""   "",""0"",""0"",""   "",""0"",""0"",""0"",""0"""
" ОАО НГК ""Славнефть"",""802,024"",""62,977"",""56,63"",""67,097"",""65,827"",""68,085"",""67,465"",""70,415"",""70,04"",""67,274"",""69,241"",""66,467"",""70,506"""
" ЗАО ""Славнефть-Красноярскнефтегаз"",""971,751"",""59,885"",""53,624"",""63,942"",""67,096"",""65,499"",""74,529"",""87,607"",""96,17"",""91,368"",""95,062"",""103,202"",""113,767"""
" ООО ""Славнефть-Нижневартовск"",""2006,051"",""131,064"",""120,352"",""170,472"",""162,668"",""171,36"",""171,914"",""185,823"",""188,414"",""181,566"",""178,771"",""169,664"",""173,983"""
" ПАО НК ""РуссНефть"",""7122,21"",""607,954"",""547,2"",""598,941"",""576,615"",""610,215"",""606,527"",""624,787"",""601,677"",""576,626"",""595,839"",""576,629"",""599,2"""
" ОАО ""Варьеганнефть"",""565,54"",""55,017"",""50,338"",""54,84"",""52,537"",""55,049"",""53,279"",""52,789"",""34,173"",""43,634"",""38,57"",""35,965"",""39,349"""
" ОАО НК ""Русснефть"",""6556,585"",""552,887"",""496,852"",""544,091"",""524,078"",""555,151"",""553,248"",""571,998"",""567,504"",""532,992"",""557,269"",""540,664"",""559,851"""
" ОАО ""Саратовнефтегаз"",""0,04"",""0,04"",""   "",""   "",""0"",""0"",""   "",""   "",""   "",""   "",""   "",""   "",""   """
" ОАО ""Ульяновскнефть"",""0,045"",""0,01"",""0,01"",""0,01"",""0"",""0,015"",""   "",""   "",""   "",""   "",""   "",""   "",""   """
" АО ""Нефтегазхолдинг"",""2056,381"",""173,702"",""154,811"",""173,556"",""168,56"",""177,472"",""171,645"",""175,309"",""173,135"",""169,242"",""174,336"",""170"",""174,613"""
" ООО ""ВТК"",""329,495"",""26,286"",""23,355"",""26,613"",""26,982"",""27,445"",""26,938"",""28,216"",""28,53"",""28,158"",""29,021"",""28,393"",""29,558"""
" ООО ""Гусихинское"",""4,944"",""   "",""   "",""   "",""   "",""   "",""   "",""   "",""   "",""   "",""0,136"",""2,128"",""2,68"""
" ЗАО ""Колвинское"",""363,291"",""28,255"",""26,076"",""30,985"",""28,691"",""31,775"",""31,569"",""31,904"",""32,447"",""31,965"",""31,226"",""29,397"",""29,001"""
" ООО ""ННК-Саратовнефтегаздобыча"",""14,986"",""1,306"",""1,097"",""1,224"",""1,206"",""1,21"",""1,172"",""1,194"",""1,316"",""1,3"",""1,356"",""1,325"",""1,28"""
" ЗАО ""Санеко"",""300,1"",""26,09"",""22,889"",""25,47"",""25,836"",""27,94"",""26,12"",""25,53"",""22,85"",""22,79"",""24,739"",""24,24"",""25,606"""
" ООО ""СН-Газдобыча"",""15,658"",""1,699"",""1,396"",""1,338"",""1,404"",""1,387"",""1,286"",""1,348"",""1,153"",""1,221"",""1,222"",""1,086"",""1,118"""
" АО ""Татнефтеотдача"",""701,7"",""60,54"",""53,672"",""59,13"",""57,893"",""59,9"",""57,47"",""59,445"",""59,305"",""57,44"",""59,74"",""57,83"",""59,335"""
" АО ""ННК-Печоранефть"",""326,207"",""29,526"",""26,326"",""28,796"",""26,548"",""27,815"",""27,09"",""27,672"",""27,534"",""26,368"",""26,896"",""25,601"",""26,035"""
" ИТОГО (Нефтяные компании):,""448765,653"",""38549,945"",""34594,431"",""38141,457"",""36777,071"",""37605,298"",""36794,842"",""38117,072"",""38587,786"",""37026,871"",""37970,374"",""36693,779"",""37906,727"""
" ПАО ""Газпром"",""18329,83"",""1646,637"",""1509,552"",""1631,017"",""1508,366"",""1560,926"",""1426,913"",""1316,336"",""1342,71"",""1436,095"",""1621,727"",""1609,343"",""1720,208"""
" ООО ""Сервиснефтегаз"",""3,228"",""0,257"",""0,262"",""0,288"",""0,27"",""0,284"",""0,276"",""0,276"",""0,255"",""0,257"",""0,323"",""0,233"",""0,247"""
" ООО ""Газпром добыча Краснодар"",""259,602"",""22,489"",""20,083"",""22,008"",""20,642"",""22,252"",""21,661"",""22,252"",""21,219"",""20,314"",""22,458"",""21,489"",""22,735"""
" ООО ""Газпром добыча Астрахань"",""3887,434"",""355,311"",""320,331"",""322,834"",""303,74"",""302,084"",""285,595"",""300,548"",""300,581"",""290,429"",""356,481"",""370,24"",""379,26"""
" ООО ""Газпром добыча Иркутск"",""7,17"",""0,812"",""0,609"",""0,614"",""0,574"",""0,374"",""0"",""0,005"",""0,811"",""0,867"",""0,869"",""0,858"",""0,777"""
" ООО ""Газпром добыча Оренбург"",""179,551"",""18,377"",""15,237"",""16,895"",""12,766"",""15,876"",""14,126"",""12,544"",""12,655"",""12,325"",""14,384"",""16,653"",""17,713"""
" ООО ""Газпром добыча Надым"",""117,68"",""11,261"",""9,888"",""10,768"",""9,879"",""10,024"",""8,293"",""7,191"",""8,526"",""9,056"",""10,578"",""10,825"",""11,391"""
" ООО ""Газпром добыча Ноябрьск"",""60,736"",""1,738"",""1,515"",""1,565"",""2,154"",""1,412"",""1,112"",""0,822"",""1,057"",""1,218"",""12,56"",""14,317"",""21,266"""
" ОАО ""Томскгазпром"" (Востокгазпром),""1370,336"",""119,267"",""110,535"",""119,885"",""109,949"",""118,517"",""116,521"",""118,486"",""111,113"",""111,809"",""113,334"",""109,16"",""111,76"""
" ООО ""Газпром добыча Уренгой"",""8418,801"",""722,504"",""676,259"",""750,821"",""694,709"",""742,965"",""655,18"",""577,872"",""657,294"",""718,048"",""760,138"",""696,308"",""766,703"""
" ООО Газпром добыча шельф Южно-Сахалинск,""132,93"",""25,703"",""22,344"",""23,549"",""2,914"",""0"",""0"",""0"",""0"",""   "",""9,556"",""23,797"",""25,067"""
" ООО ""Газпром добыча Ямбург"",""3892,362"",""368,918"",""332,489"",""361,79"",""350,769"",""347,138"",""324,149"",""276,34"",""229,199"",""271,772"",""321,046"",""345,463"",""363,289"""
" ПАО ""НОВАТЭК"",""8424,644"",""711,952"",""657,727"",""720,082"",""696,996"",""716,014"",""688,781"",""707,01"",""701,787"",""700,37"",""718,177"",""698,404"",""707,344"""
" АО ""НОВАТЭК-Пур"",""224,752"",""12,313"",""12,014"",""13,476"",""11,489"",""13,598"",""14,974"",""15,984"",""17,421"",""28,482"",""29,152"",""27,709"",""28,14"""
" АО ""Евротэк"",""0,99"",""0,188"",""0,159"",""0,163"",""0,167"",""0,171"",""0,142"",""   "",""   "",""0"",""   "",""   "",""   """
" ООО ""Арктик СПГ 2"",""2,151"",""0"",""0,012"",""0,013"",""0,003"",""0,018"",""0,006"",""0,032"",""0,037"",""0,368"",""0,124"",""0,603"",""0,935"""
" ЗАО ""Тернефтегаз"",""769,137"",""67,205"",""60,797"",""66,785"",""65,334"",""66,827"",""63,957"",""65,669"",""54,56"",""63,423"",""65,599"",""63,813"",""65,168"""
" ООО ""ЯРГЕО"",""3238,775"",""279,826"",""248,905"",""273,808"",""265,895"",""272,008"",""261,265"",""268,406"",""275,211"",""268,44"",""276,759"",""273,093"",""275,159"""
" ООО НК ""Севернефть-Уренгой"",""4,305"",""4,305"",""0"",""0"",""0"",""0"",""0"",""   "",""   "",""   "",""   "",""   "",""   """
" ООО ""Таркосаленефтегаз"",""1540,275"",""131,905"",""117,281"",""131,26"",""128,125"",""132,405"",""129,604"",""134,895"",""133,055"",""127,044"",""128,751"",""124,353"",""121,597"""
" ООО ""Юрхаровнефтегаз"",""1252,511"",""107,114"",""103,304"",""113,919"",""109,284"",""109,431"",""103,09"",""103,394"",""104,72"",""98,366"",""103,053"",""97,321"",""99,515"""
" ОАО ""Ямал СПГ"",""1391,748"",""109,096"",""115,255"",""120,658"",""116,699"",""121,556"",""115,743"",""118,63"",""116,783"",""114,247"",""114,739"",""111,512"",""116,83"""
" Прочие производители,""   "",""   "",""   "",""   "",""   "",""   "",""   "",""   "",""   "",""   "",""   "",""   "",""   """
" АО ""Зарубежнефть"",""3337,482"",""292,868"",""264,447"",""294,058"",""276,847"",""283,275"",""282,027"",""288,632"",""275,352"",""271,161"",""268,302"",""259,249"",""281,264"""
" ООО ""РУСВЬЕТПЕТРО"",""3168,214"",""279,023"",""251,976"",""280,469"",""264,637"",""271,701"",""267,066"",""273,017"",""260,119"",""255,536"",""253,448"",""245,456"",""265,766"""
" АО ""Оренбургнефтеотдача"",""122,357"",""9,289"",""8,486"",""9,537"",""9,306"",""8,861"",""10,777"",""11,022"",""10,837"",""11,138"",""11,291"",""10,525"",""11,288"""
" ООО ""Ульяновскнефтегаз"",""46,911"",""4,556"",""3,985"",""4,052"",""2,904"",""2,713"",""4,184"",""4,593"",""4,396"",""4,487"",""3,563"",""3,268"",""4,21"""
" АО ""НК ""Нефтиса"",""6775,132"",""578,218"",""519,227"",""572,029"",""550,547"",""576,099"",""555,828"",""602,349"",""575,673"",""551,584"",""570,303"",""550,567"",""572,708"""
" Филиал компании ""КанБайкал Резорсез Инк."",""617,251"",""42,961"",""40,219"",""45,461"",""43,951"",""51,677"",""54,637"",""54,575"",""55,403"",""53,869"",""58,442"",""55,334"",""60,722"""
" ООО ""ПИТ ""СИБИНТЭК"",""631,545"",""58,801"",""51,032"",""54,666"",""52,162"",""56,105"",""39,635"",""68,334"",""49,664"",""48,173"",""50,103"",""50,496"",""52,374"""
" ОАО ""Самараинвестнефть"",""411,828"",""38,66"",""35,113"",""38,088"",""35,83"",""35,506"",""37,979"",""39,604"",""32,703"",""28,655"",""29,231"",""28,906"",""31,553"""
" ЗАО ""Уралнефтесервис"",""153,312"",""13,571"",""12,004"",""13,473"",""12,565"",""12,973"",""12,384"",""13,321"",""13,447"",""12,327"",""12,556"",""11,998"",""12,693"""
" ООО ""Белкамнефть"",""2613,774"",""219,65"",""197,891"",""219,821"",""213,723"",""221,497"",""215,982"",""223,713"",""225,607"",""217,721"",""222,286"",""214,498"",""221,385"""
" ОАО ""Комнедра(УПК Недра)"",""498,025"",""46,026"",""40,958"",""44,755"",""40,581"",""42,583"",""41,141"",""41,836"",""40,787"",""40,293"",""40,605"",""38,546"",""39,914"""
" ОАО ""Новосибирскнефтегаз"",""114,47"",""10,761"",""9,586"",""10,439"",""9,814"",""10,159"",""9,405"",""9,489"",""9,397"",""8,813"",""9,039"",""8,629"",""8,939"""
" ООО ""Окуневское"",""119,028"",""9,903"",""8,878"",""9,407"",""9,369"",""10,112"",""9,837"",""9,944"",""9,997"",""9,36"",""9,987"",""10,619"",""11,615"""
" ООО ""Регион-й нефтяной консорциум"",""717,2"",""61,318"",""55,43"",""61,434"",""60,193"",""62,037"",""59,761"",""61,722"",""60,603"",""57,798"",""60,11"",""57,786"",""59,008"""
" ОАО ""Удмуртская нефтяная компания"",""247,804"",""21,245"",""19,535"",""21,768"",""20,759"",""21,389"",""20,396"",""20,85"",""20,165"",""19,913"",""20,797"",""19,704"",""21,283"""
" ОАО ""Уральская нефть"",""19,778"",""1,912"",""1,712"",""1,796"",""1,619"",""1,631"",""1,448"",""1,581"",""1,599"",""1,504"",""1,651"",""1,647"",""1,678"""
" ООО ""Юрскнефть"",""631,117"",""53,41"",""46,869"",""50,921"",""49,981"",""50,43"",""53,223"",""57,38"",""56,301"",""53,158"",""55,496"",""52,404"",""51,544"""
" ОАО ""Арктикгаз"",""8252,88"",""693,916"",""618,568"",""691,47"",""686,95"",""704,674"",""684,016"",""672,793"",""678,847"",""701,874"",""717,94"",""689,736"",""712,096"""
" ЗАО ""Нортгаз"",""568,937"",""51,628"",""45,002"",""49,316"",""47,865"",""48,566"",""47,198"",""48,066"",""47,232"",""46,131"",""46,978"",""45,153"",""45,802"""
" ООО ""Пурнефть"",""76,248"",""7,269"",""6,424"",""7,031"",""6,743"",""6,709"",""6,043"",""5,921"",""5,655"",""5,682"",""6,504"",""6,141"",""6,126"""
" АО ""СибИнвестНафта"",""1,695"",""0,184"",""0,147"",""0,157"",""0,111"",""0,125"",""0,155"",""0,143"",""0,134"",""0,138"",""0,082"",""0,157"",""0,162"""
" ООО ""Тарховское"",""259,578"",""21,155"",""18,878"",""20,985"",""20,568"",""22,028"",""23,385"",""22,704"",""21,454"",""21,565"",""23"",""21,641"",""22,215"""
" ОАО ""Томскнефть ВНК"",""8080,933"",""707,697"",""638,967"",""713,1"",""632,682"",""682,277"",""674,787"",""690,9"",""687,938"",""654,837"",""672,889"",""654"",""670,859"""
" ЗАО ""Чепецкое НГДУ"",""23,56"",""2,078"",""1,925"",""2,111"",""2,039"",""2,003"",""1,887"",""1,934"",""2,038"",""1,919"",""1,987"",""1,987"",""1,652"""
" ООО ""Вукошурнефть"",""23,412"",""2,22"",""1,892"",""2,003"",""1,789"",""2,076"",""1,913"",""2,008"",""1,908"",""1,872"",""1,794"",""1,813"",""2,124"""
" ООО ""Геопрогресс"",""500,841"",""41,098"",""38,167"",""42,649"",""41,81"",""43,48"",""42,881"",""42,381"",""41,271"",""40,126"",""43,561"",""40,999"",""42,418"""
" АО ""Евротэк-Югра"",""0,816"",""0,816"",""0"",""   "",""0"",""0"",""0"",""0"",""0"",""0"",""0"",""0"",""0"""
" ООО ""Енисей"",""235,901"",""19,27"",""17,128"",""19,007"",""19,251"",""19,635"",""19,207"",""19,8"",""20,202"",""21,157"",""21,985"",""20,071"",""19,188"""
" АО ""Мессояханефтегаз"",""5460,493"",""421,051"",""386,501"",""431,723"",""420,674"",""443,352"",""442,859"",""471,395"",""481,207"",""474,32"",""495,791"",""484,441"",""507,179"""
" ОАО ""Нефтетрейд-Удмуртия"",""143,096"",""10,911"",""10,203"",""11,537"",""10,475"",""11,395"",""11,652"",""12,253"",""11,96"",""12,423"",""13,466"",""13,17"",""13,651"""
" АО ""Норильскгазпром"",""69,465"",""0,172"",""0,186"",""9,745"",""9,396"",""6,261"",""4,793"",""3,892"",""3,388"",""4,884"",""7,751"",""9,296"",""9,701"""
" ЗАО ""Ойлгазтэт"",""334,167"",""26,265"",""21,818"",""23,402"",""22,82"",""24,773"",""26,152"",""26,909"",""31,2"",""32,13"",""33,02"",""31,361"",""34,317"""
" ЗАО ""Печоранефтегазпром"",""3,83"",""0,483"",""0,42"",""0,39"",""0,321"",""0,299"",""0,225"",""0,142"",""0,18"",""0,24"",""0,329"",""0,404"",""0,397"""
" ЗАО ""Преображенскнефть"",""224,118"",""19,248"",""17,542"",""19,228"",""17,441"",""18,538"",""17,677"",""18,792"",""18,331"",""17,626"",""20,284"",""19,329"",""20,082"""
" ООО ""НК Приазовнефть"",""0,954"",""0"",""0"",""0"",""0"",""0"",""0,746"",""0,208"",""0"",""0"",""0"",""0"",""0"""
" АО ""Реимпэкс"",""26,599"",""2,349"",""2,043"",""2,147"",""2,197"",""2,441"",""2,277"",""2,375"",""2,297"",""2,185"",""2,218"",""1,976"",""2,094"""
" ООО ""РИД Ойл-Пермь"",""64,399"",""4,988"",""4,823"",""5,476"",""4,931"",""5,581"",""5,481"",""5,558"",""5,546"",""5,53"",""5,28"",""5,698"",""5,507"""
" АО ""Руснефтегаз"",""10,978"",""0,192"",""0,227"",""0,233"",""0,45"",""0,45"",""0,348"",""0"",""1,508"",""2,263"",""1,825"",""1,816"",""1,666"""
" Компания ""Салым Петролеум Дев. Н.В."",""6279,112"",""522,082"",""464,989"",""525,874"",""510,657"",""498,901"",""515,291"",""553,395"",""547,333"",""496,661"",""539,384"",""544,549"",""559,996"""
" АО ""Сибнефтегаз"",""8,66"",""0,701"",""0,609"",""0,636"",""0,559"",""0,466"",""0,899"",""0,889"",""0,815"",""0,986"",""0,713"",""0,692"",""0,695"""
" ООО ""СНК"",""9,89"",""0,207"",""0,222"",""0,363"",""0,35"",""1,137"",""1,1"",""1,077"",""1,062"",""1,041"",""1,094"",""1,105"",""1,132"""
" ЗАО ""Тиман-Печора Эксплорэйшн"",""23,294"",""2,101"",""3,047"",""3,235"",""3,158"",""1,677"",""1,606"",""1,259"",""1,683"",""1,359"",""1,465"",""1,236"",""1,468"""
" ГУП РК ""Черноморнефтегаз"",""36,714"",""3,524"",""3,213"",""3,542"",""3,239"",""3,154"",""2,759"",""2,814"",""2,712"",""2,504"",""2,753"",""3,086"",""3,414"""
" В том числе независимые производители:,""24565,162"",""2078,582"",""1865,172"",""2054,7"",""1999,519"",""2051,881"",""1968,171"",""2060,565"",""2080,362"",""2028,537"",""2129,547"",""2088,461"",""2159,665"""
" ООО ""Юкола-нефть"",""311,6"",""29,812"",""27,505"",""30,152"",""27,401"",""11,592"",""20,458"",""25,06"",""29,927"",""29,994"",""30,56"",""28,672"",""20,467"""
" ЗАО ""Арктикнефть"",""37,071"",""3,422"",""2,757"",""2,984"",""2,929"",""3,111"",""3,028"",""3,157"",""3,209"",""3,099"",""3,136"",""3,109"",""3,13"""
" ООО ""Динью"",""8,317"",""0,81"",""0,733"",""0,811"",""0,738"",""0,77"",""0,692"",""0,695"",""0,698"",""0,681"",""0,648"",""0,436"",""0,605"""
" ЗАО ""Дулисьма"",""1056,106"",""96,17"",""85,564"",""94,742"",""90,661"",""92,762"",""88,717"",""87,92"",""85,38"",""83,781"",""85,299"",""81,921"",""83,189"""
" ООО ""ИНК"",""6254,107"",""557,991"",""506,913"",""544,83"",""525,915"",""551,064"",""523,867"",""520,567"",""506,994"",""493,864"",""516,218"",""494,283"",""511,601"""
" ЗАО ""Карбон"",""9,457"",""0,694"",""0,399"",""0,45"",""0,701"",""0,544"",""1,014"",""0,755"",""0,698"",""0,854"",""0,791"",""1,45"",""1,107"""
" ООО ""Компания Полярное Сияние"",""258,95"",""24,827"",""21,515"",""22,443"",""21,862"",""22,197"",""21,185"",""21,574"",""21,141"",""20,351"",""20,84"",""20,27"",""20,745"""
" ООО ""Нижнеомринская нефть"",""3,881"",""0,196"",""0,19"",""0,208"",""0,269"",""0,338"",""0,415"",""0,381"",""0,352"",""0,371"",""0,385"",""0,383"",""0,393"""
" ЗАО ""Петросах"",""39,498"",""3,378"",""2,868"",""3,118"",""3,184"",""3,447"",""3,454"",""3,477"",""3,255"",""3,137"",""3,266"",""3,397"",""3,517"""
" ООО ""Регион-Сириус"",""4,71"",""0,444"",""0,356"",""0,445"",""0,272"",""0,368"",""0,394"",""0,424"",""0,377"",""0,399"",""0,427"",""0,376"",""0,428"""
" ООО ""ЦНПСЭИ"",""74,136"",""5,931"",""5,472"",""6,302"",""5,682"",""5,757"",""5,256"",""6,181"",""7,297"",""6,838"",""7,003"",""6,331"",""6,086"""
" АО ""Южно-Аксютино"",""3,011"",""0,25"",""0,25"",""0,25"",""0,25"",""0,25"",""0,25"",""0,25"",""0,25"",""0,25"",""0,242"",""0,271"",""0,248"""
" ООО ""Азинское"",""6,878"",""0,378"",""0,344"",""0,375"",""0,372"",""0,172"",""0,386"",""0,752"",""0,741"",""0,826"",""0,876"",""0,849"",""0,807"""
" ОАО ""Акмай"",""19,02"",""1,7"",""1,475"",""1,685"",""1,514"",""1,548"",""1,365"",""1,645"",""1,605"",""1,515"",""1,655"",""1,622"",""1,691"""
" ЗАО ""Алойл"",""382,778"",""31,582"",""28,903"",""32,306"",""31,261"",""33,039"",""32,105"",""32,998"",""32,849"",""31,683"",""32,526"",""31,328"",""32,198"""
" АО ""АЛРОСА-Газ"",""2,86"",""0,443"",""0,359"",""0,302"",""0,218"",""0,152"",""0,034"",""0,041"",""0,027"",""0,128"",""0,218"",""0,376"",""0,562"""
" ООО ""Альянснефтегаз"",""149,424"",""12,415"",""10,861"",""13,215"",""13,394"",""13,584"",""12,776"",""12,96"",""12,992"",""12,184"",""12,014"",""11,391"",""11,638"""
" ООО ""АН-Недра"",""1,74"",""   "",""   "",""   "",""   "",""   "",""   "",""0,563"",""0,219"",""0,234"",""0,215"",""0,239"",""0,27"""
" ООО ""БайТекс"",""498,511"",""43,35"",""39,089"",""43,336"",""41,547"",""42,912"",""41,677"",""42,562"",""41,979"",""40,211"",""41,128"",""39,844"",""40,876"""
" ООО ""Бенталь"",""37,8"",""2,625"",""2,375"",""3,025"",""2,925"",""3,125"",""2,825"",""3,21"",""3,36"",""4,045"",""3,527"",""3,331"",""3,427"""
" ООО ""Бесединское"",""2,925"",""0,261"",""0,237"",""0,163"",""0,081"",""0,277"",""0,294"",""0,296"",""0,283"",""0,256"",""0,279"",""0,26"",""0,238"""
" ООО ""Благодаров-Ойл"",""80,426"",""7,233"",""6,258"",""7,098"",""6,675"",""6,975"",""6,67"",""6,82"",""6,752"",""6,525"",""6,75"",""6,23"",""6,44"""
" АО ""Братскэкогаз"",""1,597"",""0,232"",""0,202"",""0,151"",""0,135"",""0,115"",""0,056"",""0,04"",""0,038"",""0,09"",""0,147"",""0,186"",""0,205"""
" АО ""Булгарнефть"",""156,353"",""13,624"",""12,133"",""13,575"",""13,25"",""13,303"",""9,198"",""13,695"",""13,695"",""13,148"",""13,791"",""13,251"",""13,69"""
" ООО ""Быковогаз"",""9,056"",""1,298"",""1,051"",""0,991"",""0,671"",""0,891"",""0,706"",""0,665"",""0,607"",""0,5"",""0,546"",""0,57"",""0,56"""
" ООО ""Веселовское"",""5,802"",""0,433"",""0,476"",""0,535"",""0,473"",""0,5"",""0,469"",""0,468"",""0,444"",""0,475"",""0,508"",""0,515"",""0,506"""
" ООО ""Ветла"",""0,456"",""0,052"",""0,046"",""0,044"",""0,037"",""0,046"",""0,051"",""0,051"",""0,046"",""0,028"",""0,023"",""0,022"",""0,01"""
" ЗАО ""Винка"",""0,301"",""0,035"",""0,022"",""0,028"",""0,035"",""0,029"",""0,029"",""0,014"",""0,032"",""0,021"",""0,022"",""0,025"",""0,009"""
" АО  ""Вольновка"",""1,555"",""0,195"",""0,172"",""0,132"",""0,126"",""0,13"",""0,136"",""0,194"",""0,099"",""0,091"",""0,096"",""0,091"",""0,093"""
" ООО ""Газнефтесервис"",""63"",""5,006"",""5,212"",""6,184"",""4,598"",""4,352"",""6,198"",""5,241"",""4,798"",""4,894"",""4,381"",""5,762"",""6,374"""
" АО ""Геология"",""153,737"",""12,89"",""11,65"",""13,433"",""12,79"",""13,08"",""12,6"",""13,2"",""13,068"",""12,32"",""12,986"",""12,75"",""12,97"""
" ООО ""Георесурс М"",""46,476"",""3,392"",""3,052"",""3,404"",""3,948"",""3,561"",""3,868"",""4,177"",""4,436"",""4,168"",""4,035"",""4,198"",""4,237"""
" АО ""Геотех"",""103,968"",""8,972"",""7,925"",""8,892"",""8,671"",""8,816"",""8,58"",""8,77"",""8,74"",""8,623"",""8,853"",""8,315"",""8,811"""
" АО ""ГРИЦ"",""140,175"",""11,796"",""10,665"",""11,899"",""11,656"",""11,75"",""11,633"",""11,841"",""11,9"",""11,685"",""11,745"",""11,52"",""12,085"""
" ООО ""Густореченский участок"",""466,687"",""34,59"",""31,7"",""35,678"",""35,633"",""35,643"",""36,919"",""39,174"",""40,659"",""40,266"",""44,916"",""45,461"",""46,048"""
" ООО ""Дальпромсинтез"",""77,132"",""5,185"",""4,879"",""5,645"",""5,882"",""6,588"",""6,439"",""6,676"",""6,992"",""6,835"",""7,454"",""7,166"",""7,391"""
" ООО ""ДИАЛЛ АЛЬЯНС"",""10,712"",""0,978"",""0,832"",""0,784"",""0,504"",""0,72"",""0,652"",""0,751"",""0,769"",""1,337"",""1,262"",""1,044"",""1,079"""
" ООО ""Дубровинское"",""1,519"",""0,153"",""0,12"",""0,151"",""0,122"",""0,125"",""0,107"",""0,129"",""0,124"",""0,128"",""0,118"",""0,13"",""0,112"""
" ООО ""ЕвроСибОйл"",""45,106"",""3,462"",""3,275"",""3,398"",""4,411"",""4,605"",""4,211"",""3,386"",""4,326"",""4,057"",""3,662"",""3,195"",""3,118"""
" АО ""Елабуганефть"",""18,487"",""1,578"",""1,428"",""1,55"",""1,5"",""1,55"",""1,5"",""1,553"",""1,61"",""1,604"",""1,582"",""1,498"",""1,534"""
" ООО ""Западно-Новомолодежное"",""2,512"",""0"",""0"",""0"",""0,345"",""0,436"",""0,396"",""0,358"",""0,372"",""0,317"",""0,226"",""0,062"",""0"""
" АО ""Иделойл"",""238,398"",""20,225"",""18,51"",""20,473"",""19,412"",""19,468"",""19,1"",""20,295"",""19,87"",""20,104"",""20,917"",""19,34"",""20,684"""
" ООО НПФ ""Иджат"",""1,391"",""0,129"",""0,105"",""0,094"",""0,091"",""0,152"",""0,122"",""0,134"",""0,11"",""0,117"",""0,111"",""0,12"",""0,106"""
" ООО ""Инвест Трейд"",""11,798"",""   "",""   "",""   "",""0,149"",""0,2"",""0"",""1,03"",""1,437"",""1,507"",""1,96"",""2,073"",""3,442"""
" ОАО ""ИНГА"",""123,17"",""10,781"",""9,822"",""10,616"",""10,189"",""10,555"",""10,27"",""10,611"",""10,788"",""10,197"",""9,91"",""9,555"",""9,876"""
" ЗАО ""Ингеохолдинг"",""17,21"",""1,628"",""1,453"",""1,346"",""1,355"",""1,401"",""1,348"",""1,447"",""1,471"",""1,439"",""1,451"",""1,413"",""1,458"""
" ЗАО ""ИНК-Запад"",""2538,924"",""204,004"",""178,871"",""200,205"",""194,793"",""206,861"",""191,676"",""226,911"",""229,546"",""219,71"",""230,083"",""222,152"",""234,112"""
" ООО ""ИНК-НефтеГазГеология"",""105,674"",""8,629"",""8,6"",""11,26"",""9,442"",""9,177"",""8,311"",""8,691"",""7,513"",""8,071"",""8,819"",""8,676"",""8,485"""
" ЗАО ""Институт РОСТЭК"",""2,754"",""0,228"",""0,189"",""0,247"",""0,232"",""0,254"",""0,245"",""0,25"",""0,245"",""0,23"",""0,213"",""0,211"",""0,21"""
" ООО ""Интерстройтехпроект"",""0,345"",""   "",""   "",""   "",""   "",""0,051"",""0,239"",""0,055"",""0"",""0"",""0"",""   "",""   """
" ООО ""ИНТЭК-Западная Сибирь"",""30,882"",""3,199"",""2,745"",""3,176"",""2,928"",""1,555"",""2,619"",""2,818"",""2,7"",""2,149"",""2,16"",""2,465"",""2,368"""
" ООО ""Иреляхское"",""31,582"",""6,316"",""6,498"",""7,943"",""3,837"",""0"",""   "",""0"",""0"",""0"",""1,959"",""1,587"",""3,442"""
" ООО ""ИТАНЕФТЬ"",""3,004"",""0,247"",""0,205"",""0,257"",""0,23"",""0,237"",""0,247"",""0,249"",""0,253"",""0,221"",""0,2"",""0,237"",""0,421"""
" ОАО ""Каббалкнефтетоппром"",""0,211"",""0,021"",""0,023"",""0,025"",""0,023"",""0,019"",""0,019"",""0,02"",""0,011"",""0,01"",""0,012"",""0,014"",""0,014"""
" ОАО ""Калининграднефть"",""5,392"",""0,451"",""0,35"",""0,476"",""0,467"",""0,44"",""0,489"",""0,522"",""0,49"",""0,383"",""0,502"",""0,45"",""0,372"""
" ЗАО НК ""Калмпетрол"",""0,348"",""0,036"",""0,018"",""0,033"",""0,033"",""0,024"",""0,04"",""0,034"",""0,028"",""0,02"",""0,033"",""0,014"",""0,035"""
" ООО ""Кама-Нефть"",""3,689"",""0,225"",""0,215"",""0,221"",""0,211"",""0,201"",""0,3"",""0,304"",""0,404"",""0,403"",""0,411"",""0,393"",""0,401"""
" ООО ""Камскойл"",""28,959"",""2,4"",""2,534"",""2,693"",""2,488"",""2,222"",""2,434"",""1,98"",""2,108"",""2,36"",""2,527"",""2,472"",""2,741"""
" ЗАО ""Кара-Алтын"",""517,105"",""46,1"",""41,7"",""45,1"",""41,91"",""43,675"",""42,29"",""44,94"",""43,57"",""42,46"",""42,965"",""41,03"",""41,365"""
" ООО ""Карбон-Ойл"",""65,975"",""5,053"",""4,631"",""5,3"",""5,18"",""5,45"",""5,585"",""5,715"",""5,8"",""5,421"",""5,98"",""5,76"",""6,1"""
" ЗАО ""Каюм Нефть"",""440,756"",""34,39"",""32,396"",""36,627"",""36,284"",""37,535"",""36,359"",""37,634"",""37,692"",""37,02"",""38,041"",""37,429"",""39,349"""
" ЗАО ""Колванефть"",""241,823"",""23,165"",""21,446"",""23,116"",""21,821"",""22,651"",""22,414"",""22,177"",""20,335"",""17,268"",""16,381"",""15,864"",""15,185"""
" ООО ""КомсомольскНефть"",""27,962"",""2,028"",""1,946"",""2,076"",""1,782"",""2,614"",""2,098"",""2,165"",""2,985"",""2,961"",""2,711"",""2,311"",""2,285"""
" АО ""Кондурчанефть"",""71,287"",""6,03"",""5,74"",""6,33"",""5,985"",""6,17"",""5,67"",""5,92"",""6"",""5,845"",""5,997"",""5,71"",""5,89"""
" ООО ""Косьюнефть"",""68,194"",""5,926"",""4,674"",""5,611"",""4,741"",""5,339"",""6,101"",""5,295"",""5,462"",""5,864"",""6,574"",""6,448"",""6,159"""
" ООО ""Кулигинское"",""9,015"",""0,735"",""0,64"",""0,679"",""0,738"",""0,575"",""0,672"",""0,762"",""0,843"",""0,797"",""0,878"",""0,849"",""0,847"""
" ЗАО ""Кэпитал Ойл"",""8,505"",""0,528"",""0,655"",""0,758"",""0,846"",""0,782"",""0,883"",""0,835"",""0,745"",""0,716"",""0,629"",""0,546"",""0,582"""
" ООО ""ГДК Ленскгаз"",""1,232"",""0,234"",""0,176"",""0,127"",""0,057"",""0,038"",""0,007"",""0,008"",""0,012"",""0,036"",""0,106"",""0,211"",""0,22"""
" ООО ""Луговое"",""22,865"",""1,985"",""1,789"",""1,978"",""1,911"",""1,969"",""1,905"",""1,969"",""1,967"",""1,787"",""1,881"",""1,834"",""1,89"""
" ООО ""ЛюксНефтеТрансДобыча(ГНТ)"",""13,869"",""1,253"",""1,329"",""1,424"",""1,303"",""1,226"",""1,106"",""1,135"",""1,042"",""1,028"",""0,951"",""1,035"",""1,037"""
" ЗАО ""МакОйл"",""18,916"",""1,333"",""1,344"",""1,488"",""1,54"",""1,55"",""1,53"",""1,612"",""1,705"",""1,709"",""1,728"",""1,61"",""1,767"""
" ООО ""Матюшкинская вертикаль"",""30,246"",""3,046"",""3,084"",""3,15"",""3,082"",""2,797"",""2,668"",""2,187"",""1,639"",""2,178"",""2,332"",""2,148"",""1,935"""
" АО ""Меллянефть"",""66,1"",""5,725"",""5,175"",""5,925"",""5,625"",""4,725"",""5,625"",""6,05"",""5,56"",""5,665"",""5,325"",""5,121"",""5,579"""
" ООО ""МНКТ"",""431,288"",""39,135"",""35,251"",""39,169"",""38,802"",""39,645"",""38,248"",""30,224"",""25,286"",""28,267"",""37,918"",""39,004"",""40,339"""
" ООО ""Мултановский"",""160,054"",""13,031"",""11,477"",""13,041"",""12,604"",""13,132"",""12,782"",""13,252"",""13,258"",""13,634"",""14,651"",""14,278"",""14,914"""
" ООО ""НГК ""Горный"",""170,951"",""11,149"",""11,842"",""13,489"",""13,383"",""12,629"",""12,236"",""12,469"",""13,377"",""15,656"",""16,484"",""17,771"",""20,466"""
" АО ""Негуснефть"",""175,782"",""16,226"",""14,655"",""16,226"",""15,423"",""15,338"",""14,736"",""15,262"",""14,337"",""13,333"",""13,578"",""13,234"",""13,434"""
" ООО ""Недра-К"",""129,842"",""10,211"",""9,547"",""11,243"",""11,076"",""11,302"",""11,397"",""11,527"",""11,307"",""10,639"",""10,834"",""10,286"",""10,473"""
" ООО ""НБС"",""2,427"",""0,216"",""0,202"",""0,199"",""0,201"",""0,208"",""0,201"",""0,208"",""0,195"",""0,198"",""0,19"",""0,201"",""0,208"""
" ООО ""Нефтегазопромысловые технологии"",""0,032"",""0,014"",""0,014"",""0"",""0"",""0"",""0"",""0"",""0,001"",""0"",""0,001"",""0,001"",""0,001"""
" ЗАО ""НефтУс"",""172,799"",""15,399"",""13,483"",""14,148"",""13,456"",""15,364"",""14,442"",""15,662"",""15,779"",""14,573"",""15,05"",""14,844"",""10,599"""
" АО ""Нефтьинвест"",""35,351"",""3,067"",""2,716"",""2,83"",""2,792"",""3,238"",""3,096"",""3,191"",""2,982"",""2,868"",""2,861"",""2,976"",""2,734"""
" ООО ""НЗНП Трейд"",""121,137"",""1,158"",""0,276"",""0"",""1,721"",""0,546"",""4,441"",""9,848"",""10,605"",""8,939"",""19,753"",""25,594"",""38,256"""
" ООО ""НК ""Атамановка""(Нефть-Сар.),""5,184"",""0,398"",""0,377"",""0,458"",""0,493"",""0,514"",""0,469"",""0,518"",""0,377"",""0,344"",""0,417"",""0,403"",""0,416"""
" ООО ""НК ""Балаковское"",""6,929"",""0,608"",""0,479"",""0,56"",""0,498"",""0,612"",""0,575"",""0,597"",""0,596"",""0,582"",""0,614"",""0,594"",""0,614"""
" ООО ""НК-Геология"",""192,515"",""16,585"",""15,01"",""16,503"",""15,67"",""16,24"",""15,91"",""16,305"",""16,317"",""15,63"",""16,325"",""15,76"",""16,26"""
" ООО ""НК ""Действие"",""7,387"",""1,312"",""1,173"",""1,457"",""0,73"",""0,595"",""0,369"",""0,514"",""0,268"",""0,253"",""0,217"",""0,065"",""0,434"""
" ООО ""НК ""Казанла"",""0,515"",""0,038"",""0,049"",""0,047"",""0,044"",""0,041"",""0,044"",""0,045"",""0,043"",""0,041"",""0,042"",""0,04"",""0,041"""
" ООО ""НК ""Развитие Регионов"",""44,155"",""3,674"",""3,23"",""3,244"",""3,168"",""3,907"",""3,669"",""3,744"",""3,936"",""4,076"",""4,206"",""3,638"",""3,663"""
" ООО ""ННК"",""6,187"",""0,499"",""0,425"",""0,459"",""0,554"",""0,524"",""0,544"",""0,538"",""0,526"",""0,52"",""0,566"",""0,543"",""0,489"""
" АО ""Новая Печорская Энергетическая Компания"",""22,514"",""1,938"",""1,559"",""1,859"",""1,968"",""2,005"",""1,782"",""1,847"",""1,98"",""1,969"",""1,97"",""1,715"",""1,922"""
" ООО ""Новобарскнефть"",""0,102"",""0,047"",""0,048"",""0,007"",""0"",""   "",""   "",""0"",""   "",""0"",""0"",""   "",""0"""
" ОАО ""Нократойл"",""6,483"",""0,5"",""0,51"",""0,48"",""0,48"",""0,485"",""0,56"",""0,585"",""0,571"",""0,6"",""0,584"",""0,567"",""0,561"""
" ООО ""Норд Империал"",""49,076"",""3,848"",""3,716"",""3,94"",""3,873"",""4,937"",""4,702"",""4,52"",""4,097"",""3,929"",""3,823"",""3,783"",""3,908"""
" ЗАО ""Нэм Ойл"",""111,048"",""9,78"",""8,876"",""9,898"",""9,561"",""9,493"",""9,003"",""9,199"",""8,779"",""8,693"",""9,38"",""9,066"",""9,32"""
" ООО ""Ольшанское"",""11,413"",""1,294"",""1,153"",""1,143"",""0,838"",""1,076"",""0,938"",""1,067"",""0,755"",""0,56"",""0,594"",""0,84"",""1,155"""
" ООО ""Омега"",""1,456"",""0,129"",""0,09"",""0,127"",""0,135"",""0,107"",""0,134"",""0,156"",""0,125"",""0,091"",""0,121"",""0,127"",""0,114"""
" ОАО ""ОНК"",""8,675"",""0,289"",""0,512"",""0,715"",""0,733"",""0,703"",""0,757"",""0,976"",""0,913"",""0,841"",""0,74"",""0,763"",""0,733"""
" ООО ""Опаринское"",""50,428"",""4,719"",""4,163"",""4,313"",""4,132"",""4,177"",""3,964"",""4,3"",""4,269"",""3,98"",""4,17"",""3,887"",""4,354"""
" ЗАО ""Охтин-Ойл"",""274,787"",""23,257"",""21,047"",""22,63"",""21,9"",""22,94"",""22,35"",""23,251"",""23,405"",""22,801"",""23,937"",""23,4"",""23,869"""
" ООО ""Петро-Инвест"",""0,07"",""   "",""   "",""   "",""   "",""   "",""   "",""   "",""   "",""   "",""   "",""0,035"",""0,035"""
" ЗАО ""Печоранефтегаз"",""143,865"",""11,442"",""9,775"",""11,511"",""11,715"",""12,52"",""12,916"",""13,092"",""12,574"",""13,01"",""12,567"",""11,244"",""11,499"""
" ООО ""Прикаспийская Газовая Компания"",""19,886"",""1,832"",""1,729"",""1,372"",""1,263"",""1,853"",""1,632"",""1,42"",""1,56"",""1,816"",""1,689"",""1,969"",""1,751"""
" ООО ""Регион-Нефть"",""393,175"",""36,236"",""34,1"",""37,506"",""35,145"",""29,782"",""13,809"",""28,103"",""30,202"",""34,761"",""38,43"",""38,266"",""36,835"""
" ООО ""РИФ"",""53,887"",""4,738"",""4,161"",""4,697"",""4,356"",""4,706"",""4,665"",""4,785"",""4,542"",""4,539"",""4,6"",""4,287"",""3,811"""
" ООО ""РНГК Саратов"",""69,66"",""4,98"",""4,361"",""4,804"",""4,611"",""6,696"",""6,528"",""6,635"",""6,489"",""6,08"",""6,273"",""6,113"",""6,09"""
" ООО ""Русланойл"",""64,714"",""4,919"",""4,621"",""5,054"",""4,865"",""5,492"",""4,592"",""5,655"",""6,028"",""5,906"",""6,076"",""5,838"",""5,668"""
" ООО ""Руфьеганнефтегаз"",""17,973"",""1,019"",""1,359"",""1,696"",""1,604"",""1,73"",""1,603"",""1,639"",""1,665"",""1,583"",""1,64"",""1,322"",""1,113"""
" ООО ""Садакойл"",""96,896"",""7,356"",""6,417"",""6,752"",""6,639"",""7,307"",""7,948"",""8,962"",""7,712"",""8,4"",""9,206"",""9,373"",""10,824"""
" АО НК ""Саратовнефтегеофизика"",""68,414"",""5,387"",""4,91"",""5,564"",""5,68"",""5,695"",""5,761"",""5,952"",""5,955"",""5,612"",""5,991"",""5,876"",""6,031"""
" ООО ""Саханефть "",""18,024"",""2,11"",""1,531"",""1,934"",""1,552"",""0,037"",""0"",""0,257"",""2,511"",""1,496"",""1,219"",""1,882"",""3,495"""
" АО ""Сахатранснефтегаз"",""0,22"",""0,04"",""0,028"",""0,025"",""0,025"",""0,012"",""0,001"",""0,001"",""0,001"",""0,013"",""0,017"",""0,028"",""0,029"""
" ООО ""Сиаль"",""175,868"",""15,025"",""12,875"",""15,325"",""15,025"",""15,125"",""13,643"",""15,36"",""14,64"",""15,055"",""15,145"",""14,62"",""14,03"""
" ООО ""Сладковско-Заречное"",""1829,797"",""121,722"",""100,13"",""120,629"",""142,826"",""152,288"",""150,198"",""151,084"",""172,011"",""165,974"",""175,612"",""185,476"",""191,847"""
" АО ""СМП-Нефтегаз"",""277,345"",""23,3"",""21,3"",""23,795"",""23"",""24"",""23,2"",""23,8"",""23,65"",""22,7"",""23,2"",""22,4"",""23"""
" ООО НК ""Союз-Нефть"",""0,305"",""0,029"",""0,027"",""0,029"",""0,027"",""0,027"",""0,025"",""0,024"",""0,024"",""0,023"",""0,023"",""0,023"",""0,024"""
" ООО ""Стандарт"",""9,625"",""0,723"",""0,714"",""0,693"",""0,835"",""0,704"",""0,643"",""1,178"",""0,732"",""0,776"",""0,826"",""0,882"",""0,919"""
" ООО ""Стимул-Т"",""74,755"",""7,544"",""6,646"",""7,247"",""6,717"",""6,024"",""5,755"",""5,712"",""5,712"",""5,553"",""5,605"",""5,63"",""6,61"""
" АО ""Таймыргаз"",""22,52"",""12,75"",""9,77"",""0"",""   "",""   "",""   "",""   "",""0"",""   "",""   "",""   "",""   """
" ООО ""ТАКС"",""0,91"",""0,093"",""0,073"",""0,078"",""0,072"",""0,073"",""0,073"",""0,072"",""0,078"",""0,074"",""0,074"",""0,074"",""0,076"""
" ЗАО ""ТАТЕХ"",""480,747"",""41,19"",""37,17"",""40,725"",""38,89"",""40,72"",""39,58"",""40,847"",""40,989"",""39,69"",""41,019"",""39,474"",""40,453"""
" АО ""Татнефтепром"",""220,933"",""18,6"",""16,66"",""18,415"",""17,91"",""18,662"",""18,24"",""18,88"",""18,959"",""18,151"",""19,189"",""18,45"",""18,817"""
" АО ""Татнефтепром-Зюзеевнефть"",""352,2"",""29,909"",""26,93"",""29,826"",""28,765"",""29,576"",""28,696"",""29,841"",""29,981"",""29,119"",""30,185"",""29,16"",""30,212"""
" ЗАО ""Татойлгаз"",""438,02"",""37,01"",""33,12"",""37,115"",""36,17"",""37,064"",""36,055"",""37,59"",""37,005"",""35,953"",""37,21"",""36,003"",""37,725"""
" ООО ""Тевризнефтегаз"",""0,036"",""0,007"",""0,006"",""0,005"",""0,004"",""0,002"",""0,001"",""0,001"",""0,001"",""0,002"",""0,002"",""0"",""0,005"""
" ООО ""ТЕРРИГЕН"",""11,381"",""0,623"",""0,58"",""1,008"",""1,006"",""1,036"",""1,008"",""1,029"",""1,025"",""1,008"",""1,022"",""1,009"",""1,027"""
" АО ""Технефтьинвест"",""3,452"",""0,165"",""0,018"",""0,168"",""0,035"",""0"",""0,14"",""0,46"",""0,545"",""0,585"",""0,54"",""0,438"",""0,358"""
" ООО ""Тихоокеанский терминал"",""153,728"",""6,275"",""4,878"",""9,365"",""9,642"",""9,548"",""8,751"",""12,193"",""23,114"",""17,855"",""16,876"",""18"",""17,231"""
" ООО ""ТНС-Развитие"",""56,14"",""5,3"",""4,83"",""5,05"",""4,87"",""4,7"",""4,68"",""4,73"",""4,9"",""4,5"",""4,4"",""3,9"",""4,28"""
" ООО ""Томскгеонефтегаз"",""36,033"",""3,473"",""3,02"",""3,302"",""3,097"",""3,009"",""2,578"",""2,991"",""3,103"",""2,757"",""2,993"",""2,859"",""2,851"""
" ООО ""Трансойл"",""152,499"",""13,01"",""11,54"",""12,72"",""12,55"",""13,15"",""12,65"",""12,9"",""13"",""12,599"",""12,999"",""12,43"",""12,951"""
" ЗАО ""Троицкнефть"",""239,6"",""20,305"",""18,34"",""20,305"",""19,65"",""20,337"",""19,71"",""20,367"",""20,367"",""19,711"",""20,369"",""19,74"",""20,399"""
" ООО ""УДС нефть"",""11,177"",""1,004"",""0,881"",""1,095"",""0,979"",""0,934"",""0,815"",""0,853"",""0,923"",""0,875"",""0,883"",""0,845"",""1,09"""
" ЗАО ""УНК-Пермь"",""54,641"",""4,921"",""4,369"",""4,78"",""4,67"",""4,72"",""4,464"",""4,563"",""4,482"",""4,335"",""4,503"",""4,31"",""4,524"""
" ЗАО ""Уралнефтегазпром"",""43,934"",""3,746"",""3,533"",""3,859"",""3,056"",""4,256"",""3,885"",""3,699"",""3,668"",""3,364"",""3,554"",""3,49"",""3,824"""
" ЗАО ""ХИТ Р"",""101,529"",""8,159"",""7,985"",""8,194"",""7,51"",""8,202"",""8,268"",""8,903"",""8,897"",""8,65"",""9,331"",""8,733"",""8,697"""
" АО ""Шешмаойл"",""449,766"",""37,796"",""34,855"",""39,122"",""36,974"",""36,89"",""35,568"",""38,067"",""37,603"",""37,645"",""38,47"",""37,53"",""39,246"""
" ООО ""Южгазэнерджи"",""2,718"",""0,224"",""0,193"",""0,232"",""0,225"",""0,207"",""0,227"",""0,24"",""0,244"",""0,234"",""0,234"",""0,221"",""0,237"""
" ООО ""Южно-Охтеурское"",""66,261"",""5,874"",""5,259"",""5,645"",""5,246"",""6,38"",""6,23"",""6,541"",""6,901"",""4,927"",""4,75"",""4,063"",""4,445"""
" ООО ЦПП  ""Юпитер"",""0,767"",""0,072"",""0,072"",""0,068"",""0,071"",""0,073"",""0,076"",""0,056"",""0,069"",""0,063"",""0,049"",""0,048"",""0,05"""
" ПАО ""ЯТЭК"",""126,656"",""16,694"",""14,341"",""13,307"",""8,599"",""7,349"",""4,667"",""5,453"",""6,095"",""8,221"",""11,313"",""14,179"",""16,438"""
" ООО ""Ялыкское"",""469,746"",""39,548"",""35,087"",""38,538"",""37,724"",""39,859"",""38,879"",""39,639"",""40,025"",""38,774"",""40,59"",""39,587"",""41,496"""
" ОАО ""НК Янгпур"",""261,354"",""21,078"",""18,972"",""21,492"",""20,361"",""21,241"",""19,68"",""20,76"",""22,825"",""23,642"",""23,744"",""24,066"",""23,493"""
" ИТОГО (Прочие производители):,""65398,346"",""5511,273"",""4951,787"",""5506,147"",""5293,389"",""5461,253"",""5341,363"",""5559,154"",""5547,288"",""5400,735"",""5630,245"",""5498,134"",""5697,578"""
"Операторы Соглашений о разделе продукции,""   "",""   "",""   "",""   "",""   "",""   "",""   "",""   "",""   "",""   "",""   "",""   "",""   """
" ООО ""Зарубежнефть-добыча Харьяга"",""1531,63"",""131,027"",""116,409"",""125,495"",""126,773"",""133,183"",""127,025"",""126,178"",""128,509"",""124,825"",""130,279"",""126,412"",""135,515"""
" Сахалин Энерджи Инвестмент Компани Лтд.,""4922,866"",""441,466"",""416,704"",""459,858"",""433,897"",""394,541"",""396,405"",""346,923"",""387,491"",""355,455"",""415,261"",""424,086"",""450,779"""
" Эксон НЛ (Сахалин-1),""12965,091"",""1113,808"",""1044,713"",""1212,316"",""1163,419"",""1127,826"",""904,728"",""1016,921"",""1120,106"",""1063,661"",""1083,27"",""1048,39"",""1065,933"""
" Операторы СРП всего :,""19419,587"",""1686,301"",""1577,826"",""1797,669"",""1724,089"",""1655,55"",""1428,158"",""1490,022"",""1636,106"",""1543,941"",""1628,81"",""1598,888"",""1652,227"""
" ВСЕГО ПО РОССИИ:,""560338,06"",""48106,108"",""43291,323"",""47796,372"",""45999,911"",""46999,041"",""45680,057"",""47189,594"",""47815,677"",""46108,012"",""47569,333"",""46098,548"",""47684,084"""
"   ,""   "",""   "",""   "",""   "",""   "",""   "",""   "",""   "",""   "",""   "",""   "",""   "",""   """
"   ,""   "",""   "",""   "",""   "",""   "",""   "",""   "",""   "",""   "",""   "",""   "",""   "",""   """
"Добыча газового конденсата  за 2019 год (тыс.т),""   "",""   "",""   "",""   "",""   "",""   "",""   "",""   "",""   "",""   "",""   "",""   "",""   """
"Предприятия, организации,""с начала "
"года"",""январь"",""февраль"",""март"",""апрель"",""май"",""июнь"",""июль"",""август"",""сентябрь"",""октябрь"",""ноябрь"",""декабрь"""
" ПАО ""ЛУКОЙЛ"",""384,404"",""34,096"",""29,497"",""33,51"",""31,994"",""32,623"",""31,68"",""29,974"",""30,598"",""29,76"",""32,238"",""31,934"",""36,5"""
" ООО ""ЛУКОЙЛ-Западная Сибирь"",""308,896"",""26,531"",""23,233"",""25,908"",""24,991"",""26,175"",""25,609"",""26,233"",""26,011"",""25,319"",""26,262"",""25,543"",""27,081"""
" ООО СП ""Волгодеминойл"",""0,154"",""   "",""   "",""   "",""   "",""   "",""   "",""   "",""0,03"",""0,014"",""0"",""0,054"",""0,056"""
" ООО ""ЛУКОЙЛ-Нижневолжскнефть"",""70,552"",""7,014"",""5,678"",""7,033"",""6,46"",""6,199"",""5,902"",""3,42"",""4,392"",""4,219"",""5,605"",""5,872"",""8,758"""
" ООО  ЛУКОЙЛ-Пермь"",""3,275"",""0,351"",""0,367"",""0,313"",""0,303"",""0,192"",""0,169"",""0,321"",""0,165"",""0,194"",""0,273"",""0,288"",""0,339"""
" ООО ""УралОйл"",""1,527"",""0,2"",""0,219"",""0,256"",""0,24"",""0,057"",""0"",""0"",""   "",""0,014"",""0,098"",""0,177"",""0,266"""
" ПАО ""Роснефть"",""2354,961"",""194,431"",""173,072"",""193,376"",""193,561"",""195,819"",""191,19"",""200,865"",""180,338"",""205,19"",""212,369"",""204,433"",""210,317"""
" АО ""Ванкорнефть"",""287,063"",""25,514"",""22,129"",""23,336"",""23,537"",""24,808"",""24,803"",""25,806"",""24,757"",""23,114"",""23,756"",""22,46"",""23,043"""
" ОАО ""Грознефтегаз"",""0,235"",""0,02"",""0,018"",""0,02"",""0,02"",""0,02"",""0,019"",""0,02"",""0,02"",""0,019"",""0,02"",""0,019"",""0,02"""
" АО ""Дагнефтегаз"",""1,974"",""0,146"",""0,129"",""0,203"",""0,183"",""0,158"",""0,168"",""0,184"",""0,16"",""0,169"",""0,169"",""0,151"",""0,154"""
" ООО ""РН-Сахалинморнефтегаз"",""2,838"",""0,217"",""0,196"",""0,217"",""0,21"",""0,197"",""0,236"",""0,237"",""0,231"",""0,236"",""0,269"",""0,344"",""0,248"""
" ООО ""РН-Ставропольнефтегаз"",""1,63"",""0,136"",""0,126"",""0,139"",""0,134"",""0,139"",""0,135"",""0,139"",""0,137"",""0,134"",""0,139"",""0,134"",""0,138"""
" ЗАО ""РН-Шельф Дальний Восток"",""1,616"",""0,169"",""0,15"",""0,155"",""0,16"",""0,151"",""0,037"",""0,15"",""0,168"",""   "",""0,176"",""0,159"",""0,141"""
" АО ""Русско-Реченское"",""2,582"",""   "",""   "",""0,387"",""2,195"",""0"",""0"",""0"",""   "",""   "",""   "",""   "",""   """
" ООО ""СевКомНефтегаз"",""28,62"",""2,375"",""2,072"",""2,093"",""1,993"",""1,941"",""2,458"",""2,257"",""2,921"",""2,586"",""2,66"",""2,604"",""2,66"""
" ООО ""Харампурнефтегаз"",""29,539"",""3,907"",""3,223"",""3,332"",""3,224"",""2,679"",""1,1"",""3"",""2,709"",""2,633"",""1,234"",""1,243"",""1,255"""
" ПАО ""Востсибнефтегаз"",""378,433"",""16,496"",""16,241"",""23,851"",""29,699"",""32,287"",""32,613"",""36,136"",""39,005"",""34,843"",""40,309"",""38,113"",""38,84"""
" ОАО ""ВЧНГ"",""13,858"",""1,185"",""1,007"",""1,141"",""1,032"",""1,258"",""1,036"",""1,14"",""1,038"",""1,094"",""1,229"",""1,349"",""1,349"""
" ООО ""РН-Краснодарнефтегаз"",""53,373"",""4,781"",""4,171"",""4,362"",""4,182"",""4,32"",""4,12"",""4,351"",""4,516"",""4,419"",""4,646"",""4,574"",""4,931"""
" ООО ""РН-Пурнефтегаз"",""117,835"",""11,157"",""9,64"",""9,859"",""9,404"",""7,732"",""8,979"",""9,055"",""9,622"",""10,748"",""11,012"",""10,459"",""10,168"""
" АО ""Роспан Интернешнл"",""1343,759"",""121,15"",""107,269"",""117,123"",""111,37"",""113,766"",""109,628"",""110,957"",""87,921"",""116,688"",""117,074"",""113,19"",""117,623"""
" ПАО ""Оренбургнефть"",""30,655"",""2,193"",""1,948"",""2,273"",""2,216"",""2,287"",""1,969"",""2,738"",""2,392"",""2,672"",""3,382"",""3,271"",""3,314"""
" ОАО ""Самотлорнефтегаз"",""6,179"",""   "",""   "",""   "",""   "",""   "",""   "",""   "",""   "",""1,339"",""1,601"",""1,767"",""1,472"""
" ОАО ""Северо-Варьеганское"",""32,61"",""3,074"",""3,08"",""2,902"",""2,122"",""2,242"",""2,127"",""2,817"",""2,851"",""2,766"",""2,811"",""2,776"",""3,042"""
" ООО ""Таас-Юрях Нефтегаздобыча"",""22,162"",""1,911"",""1,673"",""1,983"",""1,88"",""1,834"",""1,762"",""1,878"",""1,89"",""1,73"",""1,882"",""1,82"",""1,919"""
" ПАО ""Газпром нефть"",""1147,119"",""86,728"",""77,297"",""88,391"",""89,525"",""97,654"",""97,078"",""102,225"",""99,455"",""94,593"",""103,236"",""104,615"",""106,322"""
" ООО ""Газпромнефть-Восток"",""58,537"",""3,996"",""3,84"",""4,477"",""4,58"",""4,492"",""4,734"",""5,663"",""4,256"",""4,327"",""4,897"",""6,159"",""7,116"""
" ООО ""Газпром нефть Оренбург"",""41,22"",""3,272"",""2,776"",""2,95"",""2,928"",""3,561"",""3,705"",""3,973"",""3,791"",""3,284"",""3,704"",""3,586"",""3,69"""
" ООО ""Заполярнефть"",""3,703"",""0,805"",""0,621"",""0,624"",""0,563"",""0,554"",""0,536"",""0"",""   "",""   "",""   "",""   "",""   """
" ООО ""Газпромнефть-Ямал"",""1030,117"",""77,337"",""68,873"",""78,902"",""80,148"",""88,104"",""87,246"",""91,103"",""90,108"",""85,254"",""94,033"",""94,493"",""94,516"""
" АО ""Газпромнефть-ННГ"",""13,542"",""1,318"",""1,187"",""1,438"",""1,306"",""0,943"",""0,857"",""1,486"",""1,3"",""1,728"",""0,602"",""0,377"",""1"""
" ПАО ""НГК Славнефть"",""6,887"",""1,084"",""0,971"",""0,54"",""0,292"",""0,121"",""0,958"",""0,146"",""0,543"",""0,031"",""0,157"",""0,709"",""1,335"""
" ЗАО ""Славнефть-Красноярскнефтегаз"",""6,887"",""1,084"",""0,971"",""0,54"",""0,292"",""0,121"",""0,958"",""0,146"",""0,543"",""0,031"",""0,157"",""0,709"",""1,335"""
" ПАО НК ""РуссНефть"",""31,515"",""2,959"",""2,878"",""3,077"",""2,666"",""2,41"",""2,196"",""2,287"",""1,635"",""2,086"",""2,705"",""3,049"",""3,567"""
" ОАО НК ""Русснефть"",""31,515"",""2,959"",""2,878"",""3,077"",""2,666"",""2,41"",""2,196"",""2,287"",""1,635"",""2,086"",""2,705"",""3,049"",""3,567"""
" АО ""Нефтегазхолдинг"",""30,643"",""3,005"",""2,493"",""2,562"",""2,609"",""2,597"",""2,458"",""2,542"",""2,469"",""2,521"",""2,578"",""2,411"",""2,398"""
" ООО ""ННК-Саратовнефтегаздобыча"",""14,985"",""1,306"",""1,097"",""1,224"",""1,205"",""1,21"",""1,172"",""1,194"",""1,316"",""1,3"",""1,356"",""1,325"",""1,28"""
" ООО ""СН-Газдобыча"",""15,658"",""1,699"",""1,396"",""1,338"",""1,404"",""1,387"",""1,286"",""1,348"",""1,153"",""1,221"",""1,222"",""1,086"",""1,118"""
" ИТОГО (Нефтяные компании):,""3955,529"",""322,303"",""286,208"",""321,456"",""320,647"",""331,224"",""325,56"",""338,039"",""315,038"",""334,181"",""353,283"",""347,151"",""360,439"""
" ПАО ""Газпром"",""16664,802"",""1520,001"",""1395,329"",""1494,869"",""1382,383"",""1428,474"",""1297,552"",""1177,389"",""1201,909"",""1293,492"",""1458,4"",""1453,959"",""1561,045"""
" ООО ""Газпром добыча Краснодар"",""120,787"",""9,89"",""8,717"",""9,507"",""9,057"",""10,571"",""10,574"",""10,901"",""10,401"",""9,822"",""10,619"",""10,268"",""10,46"""
" ООО ""Газпром добыча Астрахань"",""3887,434"",""355,311"",""320,331"",""322,834"",""303,74"",""302,084"",""285,595"",""300,548"",""300,581"",""290,429"",""356,481"",""370,24"",""379,26"""
" ООО ""Газпром добыча Иркутск"",""7,17"",""0,812"",""0,609"",""0,614"",""0,574"",""0,374"",""0"",""0,005"",""0,811"",""0,867"",""0,869"",""0,858"",""0,777"""
" ООО ""Газпром добыча Оренбург"",""84,521"",""9,933"",""7,984"",""8,864"",""7,553"",""7,962"",""6,101"",""4,482"",""4,624"",""4,75"",""6,119"",""7,648"",""8,501"""
" ООО ""Газпром добыча Надым"",""117,68"",""11,261"",""9,888"",""10,768"",""9,879"",""10,024"",""8,293"",""7,191"",""8,526"",""9,056"",""10,578"",""10,825"",""11,391"""
" ООО ""Газпром добыча Ноябрьск"",""26,625"",""1,738"",""1,515"",""1,565"",""2,154"",""1,412"",""1,112"",""0,822"",""1,057"",""1,218"",""4,524"",""3,205"",""6,303"""
" ОАО ""Томскгазпром"" (Востокгазпром),""313,711"",""27,039"",""26,856"",""26,591"",""23,062"",""29,08"",""26,59"",""26,745"",""21,461"",""26,311"",""25,998"",""25,986"",""27,992"""
" ООО ""Газпром добыча Уренгой"",""8081,582"",""709,396"",""664,596"",""728,787"",""672,681"",""719,829"",""635,138"",""550,355"",""625,249"",""679,267"",""712,61"",""655,669"",""728,005"""
" ООО Газпром добыча шельф Южно-Сахалинск,""132,93"",""25,703"",""22,344"",""23,549"",""2,914"",""0"",""0"",""0"",""0"",""   "",""9,556"",""23,797"",""25,067"""
" ООО ""Газпром добыча Ямбург"",""3892,362"",""368,918"",""332,489"",""361,79"",""350,769"",""347,138"",""324,149"",""276,34"",""229,199"",""271,772"",""321,046"",""345,463"",""363,289"""
" ПАО ""НОВАТЭК"",""3937,313"",""329,338"",""316,73"",""342,394"",""329,497"",""338,885"",""323,903"",""330,114"",""317,951"",""328,991"",""337,542"",""307,726"",""334,242"""
" АО ""НОВАТЭК-Пур"",""224,868"",""12,313"",""12,014"",""13,476"",""11,489"",""13,598"",""14,974"",""15,984"",""17,421"",""28,482"",""29,152"",""27,709"",""28,256"""
" АО ""Евротэк"",""0,99"",""0,188"",""0,159"",""0,163"",""0,167"",""0,171"",""0,142"",""0"",""   "",""   "",""   "",""   "",""   """
" ООО ""Арктик СПГ 2"",""2,151"",""   "",""0,012"",""0,013"",""0,003"",""0,018"",""0,006"",""0,032"",""0,037"",""0,368"",""0,124"",""0,603"",""0,935"""
" ЗАО ""Тернефтегаз"",""769,117"",""67,205"",""60,797"",""66,785"",""65,334"",""66,827"",""63,957"",""65,669"",""54,56"",""63,423"",""65,599"",""63,813"",""65,148"""
" ООО ""ЯРГЕО"",""0,259"",""0"",""   "",""   "",""   "",""   "",""   "",""   "",""   "",""   "",""   "",""0,198"",""0,061"""
" ООО НК ""Севернефть-Уренгой"",""4,305"",""4,305"",""0"",""0"",""0"",""0"",""0"",""0"",""0"",""   "",""   "",""   "",""   """
" ООО ""Таркосаленефтегаз"",""308,655"",""29,117"",""25,189"",""27,38"",""26,521"",""27,284"",""25,991"",""26,405"",""24,43"",""24,105"",""24,875"",""23,861"",""23,497"""
" ООО ""Юрхаровнефтегаз"",""1252,511"",""107,114"",""103,304"",""113,919"",""109,284"",""109,431"",""103,09"",""103,394"",""104,72"",""98,366"",""103,053"",""97,321"",""99,515"""
" ОАО ""Ямал СПГ"",""1374,457"",""109,096"",""115,255"",""120,658"",""116,699"",""121,556"",""115,743"",""118,63"",""116,783"",""114,247"",""114,739"",""94,221"",""116,83"""
" Прочие производители,""   "",""   "",""   "",""   "",""   "",""   "",""   "",""   "",""   "",""   "",""   "",""   "",""   """
" ОАО ""Арктикгаз"",""7544,468"",""664,408"",""590,779"",""649,448"",""631,65"",""640,876"",""614,572"",""596,917"",""602,165"",""626,287"",""651,638"",""625,894"",""649,834"""
" ЗАО ""Нортгаз"",""568,865"",""51,628"",""45,002"",""49,316"",""47,865"",""48,566"",""47,198"",""48,066"",""47,232"",""46,131"",""46,978"",""45,153"",""45,73"""
" ООО ""Пурнефть"",""0,986"",""0,054"",""0,049"",""0,052"",""0,05"",""0,052"",""0,05"",""0,052"",""0,052"",""0,05"",""0,134"",""0,188"",""0,203"""
" ОАО ""Томскнефть ВНК"",""143,223"",""16,472"",""14,731"",""16,014"",""11,127"",""11,347"",""11,506"",""7,558"",""10,011"",""10,345"",""11,597"",""10,98"",""11,535"""
" АО ""Норильскгазпром"",""69,465"",""0,172"",""0,186"",""9,745"",""9,396"",""6,261"",""4,793"",""3,892"",""3,388"",""4,884"",""7,751"",""9,296"",""9,701"""
" ЗАО ""Печоранефтегазпром"",""3,83"",""0,483"",""0,42"",""0,39"",""0,321"",""0,299"",""0,225"",""0,142"",""0,18"",""0,24"",""0,329"",""0,404"",""0,397"""
" АО ""Сибнефтегаз"",""8,698"",""0,701"",""0,609"",""0,636"",""0,559"",""0,466"",""0,899"",""0,889"",""0,815"",""0,986"",""0,713"",""0,692"",""0,733"""
" ГУП РК ""Черноморнефтегаз"",""28,654"",""2,981"",""2,663"",""2,899"",""2,681"",""2,566"",""2,197"",""2,181"",""2,033"",""1,876"",""1,971"",""2,154"",""2,452"""
" В том числе независимые производители:,""926,409"",""95,855"",""85,377"",""79,185"",""68,819"",""70,942"",""72,481"",""72,344"",""75,926"",""72,265"",""74,665"",""79,39"",""79,16"""
" ЗАО ""Дулисьма"",""155,284"",""14,575"",""12,607"",""14,034"",""13,169"",""13,497"",""12,987"",""12,788"",""12,558"",""12,259"",""12,638"",""11,994"",""12,178"""
" ООО ""ИНК"",""465,463"",""39,389"",""37,192"",""38,263"",""35,818"",""38,087"",""41,644"",""41,185"",""44,735"",""38,634"",""39,065"",""36,632"",""34,819"""
" ЗАО ""Карбон"",""2,176"",""   "",""   "",""   "",""   "",""   "",""0,436"",""0,343"",""0,289"",""0,203"",""0,323"",""0,269"",""0,313"""
" АО ""АЛРОСА-Газ"",""2,86"",""0,443"",""0,359"",""0,302"",""0,218"",""0,152"",""0,034"",""0,041"",""0,027"",""0,128"",""0,218"",""0,376"",""0,562"""
" АО ""Братскэкогаз"",""1,597"",""0,232"",""0,202"",""0,151"",""0,135"",""0,115"",""0,056"",""0,04"",""0,038"",""0,09"",""0,147"",""0,186"",""0,205"""
" ООО ""Быковогаз"",""9,056"",""1,298"",""1,051"",""0,991"",""0,671"",""0,891"",""0,706"",""0,665"",""0,607"",""0,5"",""0,546"",""0,57"",""0,56"""
" ООО ""Газнефтесервис"",""62,749"",""5,006"",""5,212"",""6,184"",""4,598"",""4,352"",""6,198"",""5,241"",""4,798"",""4,643"",""4,381"",""5,762"",""6,374"""
" ООО ""ДИАЛЛ АЛЬЯНС"",""5,423"",""0,641"",""0,534"",""0,488"",""0,362"",""0,415"",""0,378"",""0,456"",""0,452"",""0,493"",""0,393"",""0,399"",""0,412"""
" ООО ""Иреляхское"",""0,044"",""0,006"",""0,007"",""0,01"",""0,004"",""0"",""0"",""0"",""0"",""0"",""   "",""0,014"",""0,003"""
" ООО ""ГДК Ленскгаз"",""1,232"",""0,234"",""0,176"",""0,127"",""0,057"",""0,038"",""0,007"",""0,008"",""0,012"",""0,036"",""0,106"",""0,211"",""0,22"""
" АО ""Негуснефть"",""6,071"",""0,106"",""0,199"",""0,335"",""0,611"",""0,713"",""0,623"",""0,623"",""0,605"",""0,56"",""0,559"",""0,559"",""0,578"""
" АО НК ""Саратовнефтегеофизика"",""1,967"",""0,27"",""0,228"",""0,197"",""0,185"",""0,139"",""0,134"",""0,14"",""0,101"",""0,144"",""0,161"",""0,147"",""0,121"""
" ООО ""Саханефть "",""2,975"",""0,084"",""0,065"",""0,15"",""0,257"",""0,009"",""0"",""0,01"",""0,403"",""0,417"",""0,393"",""0,726"",""0,461"""
" АО ""Сахатранснефтегаз"",""0,22"",""0,04"",""0,028"",""0,025"",""0,025"",""0,012"",""0,001"",""0,001"",""0,001"",""0,013"",""0,017"",""0,028"",""0,029"""
" ООО ""Стандарт"",""0,004"",""0,003"",""0,001"",""0"",""0"",""0"",""0"",""0"",""0"",""   "",""   "",""   "",""   """
" АО ""Таймыргаз"",""22,52"",""12,75"",""9,77"",""0"",""0"",""0"",""0"",""0"",""0"",""   "",""   "",""   "",""   """
" ООО ""Тевризнефтегаз"",""0,036"",""0,007"",""0,006"",""0,005"",""0,004"",""0,002"",""0,001"",""0,001"",""0,001"",""0,002"",""0,002"",""0"",""0,005"""
" ЗАО ""Уралнефтегазпром"",""23,372"",""2,273"",""1,972"",""2,158"",""1,588"",""2,337"",""2,209"",""2,036"",""1,784"",""1,741"",""1,832"",""1,655"",""1,787"""
" ООО ""Южгазэнерджи"",""2,718"",""0,224"",""0,193"",""0,232"",""0,225"",""0,207"",""0,227"",""0,24"",""0,244"",""0,234"",""0,234"",""0,221"",""0,237"""
" ПАО ""ЯТЭК"",""122,453"",""16,694"",""14,341"",""13,307"",""8,592"",""7,308"",""4,667"",""5,453"",""6,095"",""8,221"",""8,944"",""14,179"",""14,652"""
" ОАО ""НК Янгпур"",""38,189"",""1,58"",""1,234"",""2,226"",""2,3"",""2,668"",""2,173"",""3,073"",""3,176"",""3,947"",""4,706"",""5,462"",""5,644"""
" ИТОГО (Прочие производители):,""9294,598"",""832,754"",""739,816"",""807,685"",""772,468"",""781,375"",""753,921"",""732,041"",""741,802"",""763,064"",""795,776"",""774,151"",""799,745"""
"Операторы Соглашений о разделе продукции,""   "",""   "",""   "",""   "",""   "",""   "",""   "",""   "",""   "",""   "",""   "",""   "",""   """
" Сахалин Энерджи Инвестмент Компани Лтд.,""1519,331"",""121,391"",""138,74"",""145,965"",""139,307"",""105,864"",""87,057"",""129,618"",""126,103"",""122,303"",""126,135"",""130,421"",""146,427"""
" Эксон НЛ (Сахалин-1),""359,612"",""30,68"",""27,942"",""32,049"",""31,991"",""25,174"",""20,016"",""24,198"",""28,89"",""31,002"",""33,392"",""38,403"",""35,875"""
" Операторы СРП всего :,""1878,943"",""152,071"",""166,682"",""178,014"",""171,298"",""131,038"",""107,073"",""153,816"",""154,993"",""153,305"",""159,527"",""168,824"",""182,302"""
" ВСЕГО ПО РОССИИ:,""35731,185"",""3156,467"",""2904,765"",""3144,418"",""2976,293"",""3010,996"",""2808,009"",""2731,399"",""2731,693"",""2873,033"",""3104,528"",""3051,811"",""3237,773"""
